,company_size,joined,location,market,pitch,raised,signal,stage,title,website
0,-,2011-02-01 00:00:00,Delhi,Advertising Platforms,"
A Do-it-yourself Social Media Advertising Platform
",$12000,4,Seed,Zuvvu,zuvvu.com
1,-,2011-03-01 00:00:00,Rome,iPhone,"
Express yourself ! - Take a picture,  apply a  ""Like"" or ""Dislike""  badge and share it
",$10000,4,Seed,YepLike!,yeplike.com
2,-,2011-09-01 00:00:00,Memphis,Location Based Services,"
Turn your smartphone into a loyalty card 
",$15000,4,Seed,stiQRd,stiqrd.com
3,1-10,2011-11-01 00:00:00,Nashville,B2B,"
Increase brand awareness, engage employees
",$15000,4,Seed,Meevl,meevl.com
4,-,2011-11-01 00:00:00,Chicago,B2B,"
Netflix of travel
",$10000,4,Seed,Farehelper,farehelper.com?ref=angellist
5,-,2011-11-01 00:00:00,Boston,Curated Web,"
portable customer generated content for online businesses
",$15000,4,Seed,Lemonwise,lemonwi.se
6,1-10,2013-01-01 00:00:00,Los Angeles,Lead Generation,"
Brand ambassadors as a Service
",$15000,4,,Gumball,getgumball.com
7,1-10,2012-12-01 00:00:00,Chicago,K-12 Education,"
Accelerating Professional Growth
",$15000,3,Seed,Edventory,edventory.com
8,11-50,2013-02-01 00:00:00,Copenhagen,Social Media Platforms,"
Kickstarting great careers
",$15000,4,Seed,Graduateland,graduateland.com
9,1-10,2013-07-01 00:00:00,Chicago,B2B,"
Creating a bond for business that lasts beyond the first visit.
",$10000,4,,Icarus Ascending,Icarusascending.net
10,1-10,2013-06-01 00:00:00,Ann Arbor,iPad,"
Effective patient education
",$15000,4,Seed,SurgeryEdu,surgeryedu.com
11,1-10,2013-12-01 00:00:00,Singapore,Big Data,"
Social Engagement and Business Intelligence Platform
",$11700,4,-,enMarkit,enmarkit.com
12,1-10,2013-11-01 00:00:00,Dubuque,Beauty,"
No Squeeze Toothpaste Dispenser - Developed by HCP
",$13500,4,,Nu-B-2B,nu-b-2b.net
13,1-10,2014-03-01 00:00:00,Boston,College Campuses,"
Match schedules and make plans with nearby friends
",$12500,3,Seed,Downtyme,downty.me
14,1-10,2014-02-01 00:00:00,New York City,Fashion,"
a full design firm that creates custom Indian inspired clothing from scratch.
",$10000,4,,WESTxEAST,westxeast.com
15,1-10,2014-02-01 00:00:00,Miamisburg,Financial Exchanges,"
Bitcoin trading made easy
",$15000,4,Acquired,BitQuick,bitquick.co
16,,2014-06-01 00:00:00,New York City,Neuroscience,"
Lumosity for sports and more
",$10000,3,Seed,Neuroscout,neuroscout.com
17,1-10,2015-03-01 00:00:00,San Francisco,E-Books,"
Book suggestions from your friends and influencers
",$10000,4,,bookmarq,bookmarq.io
18,1-10,2015-04-01 00:00:00,San Francisco,Lifestyle Businesses,"
Providing faster emergency response
",$10000,4,,Lifey,lifeyband.com
19,,2015-05-01 00:00:00,New York City,Same Day Delivery,"
Personalized Meal Delivery
",$10000,4,Seed,Curplated,Curplated.com
20,1-10,2011-07-01 00:00:00,Lisbon,Location Based Services,"
The marketplace for engagement. The currency for loyalty
",$15000,3,,Mobitto,mobitto.com
21,-,2011-12-01 00:00:00,San Diego,Computer Vision,"
New way to organize, browse and share your photos.  Acquired by Dropbox (09-2012).
",$15000,3,-,Anchovi Labs,anchovi.com
22,-,2012-01-01 00:00:00,-,-,"
",$15000,3,Seed,Yunno,yunno.com
23,1-10,2012-03-01 00:00:00,Memphis,Payments,"
100% safe online shopping. Finally.
",$15000,3,-,Paytopia,paytopia.com
24,1-10,2012-06-01 00:00:00,Cincinnati,Marketplaces,"
Bringing Everything Home.
",$15000,3,Seed,Dwllr,dwllr.com
25,11-50,2013-06-01 00:00:00,Denver,Brand Marketing,"
Management platform for promotional swag
",$10000,3,Seed,Printfection,printfection.com
26,1-10,2012-09-01 00:00:00,Washington DC,Messaging,"
Valuable Digital Messages
",$13000,3,Seed,Gramicon,gramicon.com
27,1-10,2012-11-01 00:00:00,Norfolk,Technology,"
Constant Contact for Text and Call Alerts
",$15000,3,-,RoboCent,RoboCent.com
28,1-10,2013-01-01 00:00:00,Indianapolis,Mobile Games,"
Mobile and web app development
",$10000,3,Seed,TINITT,tinitt.com
29,1-10,2013-01-01 00:00:00,Sacramento,Mobile Advertising,"
Cubikal is building a tech platform designed to reinvent how we use and receive deals.
",$10000,3,Seed,Cubikal,Cubikal.com
30,1-10,2013-01-01 00:00:00,Taipei,Startups,"
The Ultimate Startup Guide
",$10000,3,Seed,StartitUp,startitup.co
31,-,2013-05-01 00:00:00,Cheyenne,Outdoors,"
Social network for the Outdoor Community
",$14700,3,Seed,Sportsmanlist,sportsmanlist.com
32,1-10,2013-02-01 00:00:00,London,Nightlife,"
What's going on near you?
",$10000,3,Seed,Lamppost,lamppostapp.com
33,1-10,2014-02-01 00:00:00,Detroit,Journalism,"
Birchbox for journalism
",$10000,3,Seed,Jaunt,byjaunt.com
34,1-10,2013-07-01 00:00:00,New York City,Education,"
Never study alone
",$10000,3,Seed,Kipinhall,kipinhall.com
35,1-10,2013-09-01 00:00:00,New York City,Big Data,"
Giving music back to the people
",$15000,3,,Spotlight.fm,spotlight.fm
36,1-10,2013-11-01 00:00:00,Orlando,Energy Efficiency,"
low cost clean energy for homes
",$10000,3,Seed,Santh CleanEnergy Microgrid (SCEM),santhenergy.com
37,1-10,2014-02-01 00:00:00,Silicon Valley,Productivity Software,"
Intelligent cross device continuity
",$12000,3,,Limitless,angel.co
38,1-10,2014-05-01 00:00:00,Chicago,Location Based Services,"
Smart Assistants
",$10000,3,,Bellhop,iChauncey.com
39,,2015-05-01 00:00:00,Los Angeles,Cloud-Based Music,"
Restoring Music Ownership
",$10000,3,,SongBank,song-bank.com
40,-,2011-12-01 00:00:00,Warsaw,Small and Medium Businesses,"
Address book made for teamwork.
",$12000,3,Seed,descri,descriapp.com
41,-,2013-10-01 00:00:00,-,-,"
",$15000,3,Acquired,Ultris,-
42,1-10,2012-03-01 00:00:00,-,Shared Services,"
24/7 Motorcycle Remote Access Service
",$15000,3,Seed,Jupiters Motorcycles,jupitersmc.com
43,-,2012-09-01 00:00:00,Singapore,Mobile Advertising,"
Online Banner Maker To Create Interactive Rich Media Ads
",$15000,3,Seed,RichMediaAds,RichMediaAds.com
44,1-10,2012-07-01 00:00:00,Detroit,Video Streaming,"
Building College Community Through Entertainment, Social Media and Advertisement
",$12000,3,Seed,Reel Deal,ReelDeal.tv
45,-,2012-12-01 00:00:00,New York City,K-12 Education,"
Monitor and encourage everday reading on the iPad
",$15000,3,Seed,Progress by the Page,progressbythepage.com
46,1-10,2014-04-01 00:00:00,Chicago,E-Commerce,"
Local Products from Around the World
",$15000,3,Seed,PiecesofThere,piecesofthere.com
47,1-10,2013-07-01 00:00:00,Cairo Governorate,MicroBlogging,"
A Twitter but much more fun, visualized & organized.
",$10000,3,-,Pensqr,pensqr.com
48,-,2012-10-01 00:00:00,Medellín,Human Resources,"
Dating-like social platform for hiring
",$15000,3,Seed,Engager,engager.io
49,-,2012-11-01 00:00:00,San Francisco,E-Commerce,"
",$15000,3,-,Sqoot,sqoot.com
50,1-10,2012-12-01 00:00:00,Hong Kong,Small and Medium Businesses,"
Promote your brand on Chinese social media for non-Chinese readers.
",$15000,3,Seed,Surround App,SurroundApp.asia
51,-,2013-08-01 00:00:00,Cambridge,Tutoring,"
",$12000,3,-,TutorialTab,tutorialtab.com
52,1-10,2013-10-01 00:00:00,Kyivs'ka oblast,Location Based Services,"
iBeacon platform for hospitality
",$10000,3,,Latio,lat.io
53,1-10,2014-01-01 00:00:00,Irvine,Fitness,"
Fitness and Health
",$10000,3,Seed,Acorales,Wandri.com
54,1-10,2014-02-01 00:00:00,Los Angeles,Film Production,"
We Produce the most talented film-MAKER through our unique contest.
",$15000,3,Seed,YouPix.org,youpix.org
55,1-10,2014-03-01 00:00:00,Los Angeles,Nightlife,"
Where your night begins. 
",$10000,3,Seed,Euphoria,euphoria-app.com
56,1-10,2014-07-01 00:00:00,Memphis,Hospitality,"
Point of sale for restaurants
",$15000,3,Seed,Well Done,welldonepos.co
57,1-10,2015-07-01 00:00:00,Medellín,Cooking,"
Home cooking, reinvented.
",$15000,3,Seed,Skillet App,skilletapp.com
58,1-10,2015-07-01 00:00:00,Cambridge,Logistics,"
On-demand professional moving services
",$10000,3,Seed,QuikForce,quikforce.com
59,-,2016-04-01 00:00:00,Seattle,Social Media Platforms,"
Snapchat for events
",$12000,3,Seed,Down to Hang,dthapp.com
60,-,2011-08-01 00:00:00,California,Consumer Electronics,"
Weather-protected backyard TVs
",$15000,3,Seed,CINIOS,cinios.com
61,-,2012-05-01 00:00:00,Memphis,Networking,"
Your smarter social media dashboard
",$15000,3,-,Friendsignia,friendsignia.com
62,1-10,2013-01-01 00:00:00,Austin,Lead Generation,"
Demand Generation Done For You
",$10000,3,Seed,Demand Genesis,demandgenesis.com
63,1-10,2013-01-01 00:00:00,Toronto,iPhone,"
App Discovery Based on Personality
",$15000,3,Seed,AppGeek,appgk.com
64,1-10,2013-06-01 00:00:00,Chicago,Small and Medium Businesses,"
Online marketing for smbs. Designs websites, manages AdWords and social media
",$10000,3,Seed,Red Cannonball,redcannonball.com
65,1-10,2013-07-01 00:00:00,Raleigh,Lifestyle,"
Online tools to drive offline mobility and help cities embrace walkability. 
",$11364,3,Seed,Walk [Your City],walkyourcity.org
66,1-10,2014-02-01 00:00:00,Special Capital Region of Jakarta,Mobile Health,"
Your healthcare destination
",$10000,3,Seed,TanyaDok,tanyadok.com
67,1-10,2013-08-01 00:00:00,Los Angeles,Education,"
Helping high school quarterbacks realize their dreams
",$10000,3,Seed,PrepQB,prepQB.com
68,1-10,2013-11-01 00:00:00,Hong Kong,Small and Medium Businesses,"
Making patent lawyers redundant with AI
",$13000,3,Seed,Ipselex,ipselex.com
69,1-10,2014-04-01 00:00:00,London,Technology,"
Lastminute.com for education
",$15000,3,Seed,Coursevine,Coursevine.org
70,1-10,2014-01-01 00:00:00,New York City,Social Search,"
social engine (facebook and google plus)
",$13000,3,Seed,Yssete,yssete.com
71,1-10,2014-01-01 00:00:00,New York City,-,"
The Worlds Virtual Incubator & Crowdfunding Network
",$10000,3,Seed,VICN.Org,realitycrowdtv.com
72,1-10,2014-03-01 00:00:00,London,Advertising,"
Disruptive Advertising platform
",$10000,3,Seed,PickmeUp,pickmeup-ltd.com
73,,2014-07-01 00:00:00,Bethlehem,College Campuses,"
Privacy and Proximity Multimedia Social Network
",$12000,3,Seed,uSnap,uSnap.us
74,1-10,2015-01-01 00:00:00,Minneapolis,University Students,"
Peer-to-Peer Textbook Rentals
",$15000,3,Seed,Borrow'd,borrowd.co
75,,2015-04-01 00:00:00,Freetown,ICT,"
Creativity and Innovative Education
",$10000,3,Seed,B-Gifted,b-gifted.org
76,1-10,2015-05-01 00:00:00,Toronto,Home Owners,"
Broker Platform for Household Waste Management
",$10000,3,Seed,Mr. Bin,mrbinapp.ca
77,1-10,2015-11-01 00:00:00,New York City,Mobile Commerce,"
Hyperlocal market place
",$15000,3,Seed,NowNear,nownear.xyz
78,11-50,2016-02-01 00:00:00,Denver,Recreation,"
Connecting referees and sports leagues
",$10000,3,Seed,iRef,irefnow.com
79,1-10,2016-07-01 00:00:00,Slovenia,Women-Focused,"
Baby Stork is helping couples, who decided to get a baby, to conceive faster.
",$12000,3,,Baby Stork,baby-stork.com
80,-,2011-08-01 00:00:00,California,Consumer Electronics,"
Weather-protected backyard TVs
",$15000,3,Seed,CINIOS,cinios.com
81,-,2012-05-01 00:00:00,Memphis,Networking,"
Your smarter social media dashboard
",$15000,3,-,Friendsignia,friendsignia.com
82,1-10,2013-01-01 00:00:00,Austin,Lead Generation,"
Demand Generation Done For You
",$10000,3,Seed,Demand Genesis,demandgenesis.com
83,1-10,2013-01-01 00:00:00,Toronto,iPhone,"
App Discovery Based on Personality
",$15000,3,Seed,AppGeek,appgk.com
84,1-10,2013-06-01 00:00:00,Chicago,Small and Medium Businesses,"
Online marketing for smbs. Designs websites, manages AdWords and social media
",$10000,3,Seed,Red Cannonball,redcannonball.com
85,1-10,2013-07-01 00:00:00,Raleigh,Lifestyle,"
Online tools to drive offline mobility and help cities embrace walkability. 
",$11364,3,Seed,Walk [Your City],walkyourcity.org
86,1-10,2014-02-01 00:00:00,Special Capital Region of Jakarta,Mobile Health,"
Your healthcare destination
",$10000,3,Seed,TanyaDok,tanyadok.com
87,1-10,2013-08-01 00:00:00,Los Angeles,Education,"
Helping high school quarterbacks realize their dreams
",$10000,3,Seed,PrepQB,prepQB.com
88,1-10,2013-11-01 00:00:00,Hong Kong,Small and Medium Businesses,"
Making patent lawyers redundant with AI
",$13000,3,Seed,Ipselex,ipselex.com
89,1-10,2014-04-01 00:00:00,London,Technology,"
Lastminute.com for education
",$15000,3,Seed,Coursevine,Coursevine.org
90,1-10,2014-01-01 00:00:00,New York City,Social Search,"
social engine (facebook and google plus)
",$13000,3,Seed,Yssete,yssete.com
91,1-10,2014-01-01 00:00:00,New York City,-,"
The Worlds Virtual Incubator & Crowdfunding Network
",$10000,3,Seed,VICN.Org,realitycrowdtv.com
92,1-10,2014-03-01 00:00:00,London,Advertising,"
Disruptive Advertising platform
",$10000,3,Seed,PickmeUp,pickmeup-ltd.com
93,,2014-07-01 00:00:00,Bethlehem,College Campuses,"
Privacy and Proximity Multimedia Social Network
",$12000,3,Seed,uSnap,uSnap.us
94,1-10,2015-01-01 00:00:00,Minneapolis,University Students,"
Peer-to-Peer Textbook Rentals
",$15000,3,Seed,Borrow'd,borrowd.co
95,,2015-04-01 00:00:00,Freetown,ICT,"
Creativity and Innovative Education
",$10000,3,Seed,B-Gifted,b-gifted.org
96,1-10,2015-05-01 00:00:00,Toronto,Home Owners,"
Broker Platform for Household Waste Management
",$10000,3,Seed,Mr. Bin,mrbinapp.ca
97,1-10,2015-11-01 00:00:00,New York City,Mobile Commerce,"
Hyperlocal market place
",$15000,3,Seed,NowNear,nownear.xyz
98,11-50,2016-02-01 00:00:00,Denver,Recreation,"
Connecting referees and sports leagues
",$10000,3,Seed,iRef,irefnow.com
99,1-10,2016-07-01 00:00:00,Slovenia,Women-Focused,"
Baby Stork is helping couples, who decided to get a baby, to conceive faster.
",$12000,3,,Baby Stork,baby-stork.com
100,-,2012-01-01 00:00:00,-,-,"
",$15000,3,Seed,FaceTags,FaceTa.gs
101,1-10,2013-01-01 00:00:00,Irvine,Photo Sharing,"
Better scrapbooking, pushing pixels not paper.
",$15000,3,Seed,TapnScrap,tapnscrap.com
102,1-10,2012-09-01 00:00:00,Moscow,Events,"
Event travel made easy.
",$10000,3,Seed,Travelatus,travelatus.com
103,1-10,2013-01-01 00:00:00,Santiago,Virtual Goods,"
Multiplayer Challenging Gesture game. 
",$15000,3,Seed,GameAbility,willager.com
104,1-10,2013-02-01 00:00:00,Fullerton,Commercial Real Estate,"
California Real Estate Hub
",$15000,3,Seed,Mogul Launcher,mogullauncher.com
105,1-10,2013-03-01 00:00:00,New York City,Fitness,"
Custom Weekly Meal Plans and Shopping Lists
",$10000,3,Seed,RippedAthlete,rippedathlete.com
106,1-10,2013-04-01 00:00:00,Boston,Music,"
RequestNow simplifies song requests for both the DJ and the partygoer.
",$10000,3,,RequestNow,request-now.com
107,1-10,2013-08-01 00:00:00,Dubai,Small and Medium Businesses,"
Platform for Online Micro Store
",$15000,3,Seed,Nerover,nerover.com
108,1-10,2013-11-01 00:00:00,Atlanta,Enterprise Software,"
Contact Center Scheduling Intelligence
",$10000,3,-,Scintella Solutions,scintellasolutions.com
109,1-10,2013-11-01 00:00:00,San Francisco,Comparison Shopping,"
Kayak for Medical Procedures
",$15000,3,,ReferMe Health,refermehealth.com
110,1-10,2014-02-01 00:00:00,Kolkata,Mobile Commerce,"
An E-Commerce marketplace for publishers,magazines,jewellery, fashion decors
",$10000,3,Seed,Grasshoppers!,grasshoppers.in
111,1-10,2014-03-01 00:00:00,Dallas,Manufacturing,"
A better Jeep top with style.
",$10000,3,Seed,Rock and Road,rockandroadinc.com
112,1-10,2014-04-01 00:00:00,London,Film,"
A social Netflix, short films on smartphones.
",$13000,3,Seed,The FilmCo,TheFilmCo.tv
113,1-10,2014-06-01 00:00:00,London,-,"
Impact Driven Platform
",$10000,3,,impakter.com,impakter.com
114,11-50,2014-09-01 00:00:00,San Francisco,Flowers,"
The First Luxury Brand For Roses
",$10000,3,,Roseshire,roseshire.com
115,,2014-11-01 00:00:00,Edmonton,Human Resources,"
HR Dept for Small Biz
",$15000,3,Seed,TwoFold,gettwofold.com
116,1-10,2015-01-01 00:00:00,San Francisco,Lifestyle,"
Your Makeup Collections in Your Pocket
",$10000,3,,Traincase,traincase-app.com
117,1-10,2015-04-01 00:00:00,Berlin,Supply Chain Management,"
The Clever Way To Ship
",$15000,3,Closed,Shipwise,shipwise.co
118,1-10,2017-10-01 00:00:00,Berkeley,Social Travel,"
Feel like a local, everywhere
",$15000,3,Seed,ZomeChat,zomeapp.com
119,-,2016-09-01 00:00:00,-,-,"
",$12500,3,Seed,Tweetsense,-
120,1-10,2012-07-01 00:00:00,San Francisco,Personal Finance,"
Discover social signals for the financial markets
",$15000,3,-,Zingfin,zingfin.com
121,-,2012-08-01 00:00:00,Syracuse,Mobile Games,"
Making predictions social
",$15000,3,-,PsyQic,psyqic.com
122,1-10,2016-01-01 00:00:00,Johannesburg,B2B,"
21st century business processes in the cloud
",$10000,3,Seed,provulo,provulo.com
123,1-10,2013-09-01 00:00:00,San Francisco,Collaborative Consumption,"
Connect Friends via Cars
",$10000,3,Seed,Marvin,marvincar.com
124,1-10,2013-10-01 00:00:00,Fremont,Ride Sharing,"
Airport rides: booked-in-advance, private, affordable, reliable, comfortable!
",$15000,3,Closed,SocialDrv,socialdrv.com
125,1-10,2013-10-01 00:00:00,Bengaluru,Interior Design,"
Design, Visualize and Manage your dream home before you build it
",$15000,3,Seed,Ghar360,ghar360.com
126,1-10,2013-10-01 00:00:00,-,K-12 Education,"
Opening young minds to science
",$10000,3,Seed,Budding Biologist,buddingbiologist.com
127,1-10,2014-08-01 00:00:00,Austin,Lifestyle Products,"
Custom Ping Pong Paddle Creators
",$10390,3,Seed,Uberpong,uberpong.com
128,,2014-06-01 00:00:00,Indianapolis,South Korea,"
Financial Management Mobile Application
",$15000,3,Seed,Viridi Technology,viriditechnology.com
129,1-10,2014-08-01 00:00:00,New York City,Location Based Services,"
find a place to pray - anytime, anywhere
",$14861,3,,Musallah,musallah.com
130,1-10,2014-07-01 00:00:00,Tijuana,Latin America,"
The Intelligent Path to Learning. 
",$10000,3,Seed,Lerenit,lerenit.com
131,1-10,2014-10-01 00:00:00,Washington DC,B2B,"
Lending Tree for parts.
",$10000,3,Seed,Partfiniti,partfiniti.com
132,1-10,2014-10-01 00:00:00,Mexico City,Small and Medium Businesses,"
Easy Use for Hard Processes
",$15000,3,Closed,Squirrel Planner,squirrelplanner.com
133,1-10,2014-11-01 00:00:00,Atlanta,Global,"
Innovating UAV Flight Technologies
",$10000,3,Seed,Eigen Aerospace,eigenaerospace.com
134,-,2016-02-01 00:00:00,Chicago,Online Dating,"
Find Love Your Way
",$10000,3,Seed,Naseeb,naseebapp.com
135,1-10,2016-01-01 00:00:00,Dubai,Apps,"
Group Friendship Network : The Next Generation of Social Networks.
",$10000,3,Seed,Dubai-ing,dubai-ing.com
136,1-10,2016-02-01 00:00:00,Boston,Jewelry,"
A storytelling marketplace for impact-driven brands
",$15000,3,,Yakutti,yakutti.com
137,1-10,2016-03-01 00:00:00,San Francisco,Ecommerce,"
A fresh toothbrush sent right to your door when you need it the most
",$10000,3,Seed,Brushbox,brushbox.co
138,,2016-10-01 00:00:00,New York City,New York,"
Local Chat / Bulletin Board
",$10000,3,Seed,MatchBoard,matchboardapp.com
139,1-10,2017-03-01 00:00:00,San Francisco,Finance Technology,"
Clinic Bill Payment Made Easy, Fast & Efficient
",$10000,3,Seed,Care4U,front-end.development-env.com
140,1-10,2011-07-01 00:00:00,Los Angeles,Audio,"
Social Music and Audio platform-Upload,Listen,Discover,Store and Download Music and Audio
",$10000,2,-,YourListen,YourListen.com
141,1-10,2011-11-01 00:00:00,Atlanta,Comics,"
Digital and print publishing business for the comic book and ebook industry.
",$15000,2,Seed,Rival Studios,rivalstudiosinc.com
142,-,2012-01-01 00:00:00,Boston,Curated Web,"
",$13300,2,-,MarginLeft,marginleft.com
143,1-10,2013-03-01 00:00:00,Atlanta,Small and Medium Businesses,"
Smarter File Gathering & Sharing
",$15000,3,Seed,Tidbit.co,tidbit.co
144,1-10,2013-09-01 00:00:00,Los Angeles,Environmental Innovation,"
Catalog microenvironments. Replicate them. 
",$13000,3,,Blueprint Earth,blueprintearth.org
145,1-10,2013-10-01 00:00:00,Lisbon,Hospitality,"
Voice of Customer for Restaurants
",$10000,2,,OwnerMetric,OwnerMetric.com
146,1-10,2014-03-01 00:00:00,Centreville,Aerospace,"
Advanced aerospace engines significantly improving efficiency and power 
",$10000,2,Seed,AVEI,avei.space
147,,2015-02-01 00:00:00,-,-,"
",$10000,2,Seed,Jinbu,jinbu.us
148,1-10,2014-07-01 00:00:00,-,-,,$10000,3,Seed,Beliaa,beliaa.com
149,1-10,2015-04-01 00:00:00,Boston,Location Based Services,"
Location based social network
",$10000,2,Seed,Piinch,Piinch.me
150,1-10,2014-11-01 00:00:00,San Francisco,Peer-to-Peer,"
social travel plan discovery and visualized adventures
",$10000,3,,Excursion,excursion-app.com
151,,2014-11-01 00:00:00,-,College Campuses,"
Social Calendaring and Event Discovery
",$15000,3,Seed,Peck,
152,1-10,2015-02-01 00:00:00,Provo,Film,"
Moving Pictures With Our Minds
",$15000,3,Closed,Telekinesis Film Fund,telekinesisentertainment.com
153,,2015-10-01 00:00:00,New York City,Digital Media,"
Elite Counselor is a web/app based counseling and mentoring service.
",$10000,2,Seed,Elite Counselor,elitecounselor.com
154,-,2015-12-01 00:00:00,Las Vegas,Video Streaming,"
A streaming video social network for food and cooking culture
",$15000,3,Seed,Kitch.tv,Kitch.tv
155,-,2016-03-01 00:00:00,Chicago,Online Scheduling,"
A simple and easy online league management application
",$10000,2,Acquired,League Hero,leaguehero.io
156,1-10,2016-03-01 00:00:00,Hong Kong,Social Recruiting,"
Get the Best Job next to Your Home
",$12820,3,Seed,JobMap,jobmap.hk
157,11-50,2016-04-01 00:00:00,Delaware,Global,"
100% sales 0% fees.
",$15000,2,Seed,Vapulus,vapulus.com
158,1-10,2016-12-01 00:00:00,Boulder,Digital Entertainment,"
Video Games for emergent technologies
",$10000,3,Seed,No Moon,nomoon.io
159,1-10,2018-08-01 00:00:00,Solana Beach,Outdoors,"
The Smart Way To Dry Your Gear
",$11433,3,Seed,Malo'o,malooracks.com
160,-,2011-08-01 00:00:00,Scottsdale,Reviews and Recommendations,"
Publisher Stephen G. Barr Reviews Start Ups & Investor Groups
",$10000,2,Seed,The Start Up Review Journal,startupreviewjournal.blogspot.com
161,-,2012-04-01 00:00:00,Atlanta,Small and Medium Businesses,"
Pinterest/ZocDoc for small and micro enterprises
",$10000,2,-,My Friend's Lane,myfriendslane.com
162,-,2012-12-01 00:00:00,Ecublens,Consulting,"
Developing Entrepreneurial Ecosystems in low- and middle-income countries
",$10000,2,Seed,The Entrepreneurs' Ship,entrepreneursship.org
163,1-10,2013-05-01 00:00:00,London,Human Resources,"
Your workforce, flexible.
",$15000,2,Seed,Shift Swap,shiftswap.me
164,1-10,2014-03-01 00:00:00,Ann Arbor,Business Services,"
Free, easy way to learn languages online
",$12000,2,Seed,Savvy Languages,savvylanguages.com
165,1-10,2013-02-01 00:00:00,Prague,Elder Care,"
Instant Babysitting
",$10000,2,Seed,Hlídačky.cz,hlidacky.cz
166,1-10,2013-09-01 00:00:00,Santa Monica,Private Social Networking,"
Real-time fusion of LinkedIn + Snapchat + Dropbox for people & brands
",$10000,2,Seed,Syncalike,syncalike.com
167,1-10,2014-02-01 00:00:00,Valencia,Augmented Reality,"
Augmented Reality for Interactive Advertising
",$15000,2,Seed,Singular,i-singular.com
168,1-10,2014-04-01 00:00:00,Miami,Doctors,"
Cloud Platform for Professional Firms
",$10000,2,Seed,Office Network Online,officenetworkonline.com
169,1-10,2014-08-01 00:00:00,Ho Chi Minh City,South East Asia,"
Peer-to-peer lending platform for emerging markets
",$10000,2,Seed,LoanVi.com,loanvi.com
170,-,2014-06-01 00:00:00,Paris,Video Streaming,"
Collaborative music videos
",$10000,2,,Whojam,whojam.com
171,1-10,2014-10-01 00:00:00,San Jose,Startups,"
Product Hunt meets Kickstarter
",$13000,2,Seed,The BetaBox,secret
172,1-10,2015-04-01 00:00:00,Los Angeles,Self Storage,"
Crowdsourced goods storage. Airbnb of self-storage.
",$15000,2,Seed,Dinobo,dinobo.com
173,1-10,2015-12-01 00:00:00,San Francisco,Legal,"
We are a PACER.gov  research and  productivity application
",$10000,2,Seed,Pacer Automated Solutions,pacerautomatedsolutions.com
174,11-50,2016-04-01 00:00:00,Delhi,Fashion Tech,"
Vernacular Fashion Only App
",$10000,2,Seed,Kakcho,kakcho.com
175,1-10,2016-07-01 00:00:00,Charleston,Hospitality,"
Hospitality Staffing, Local and Effective
",$15000,2,Seed,Arkansas Food Jobs / Food Jobs Work,arfoodjobs.com
176,1-10,2016-04-01 00:00:00,São Paulo,Fin Tech,"
All about fintechs in Brazil
",$15000,2,,Fintechs.com.br,fintechs.com.br
177,-,2016-08-01 00:00:00,-,-,"
",$10000,2,Seed,KUSIKUY,-
178,1-10,2017-01-01 00:00:00,Philadelphia,Internet of Things,"
Access & Identity as a service - for the physical world
",$15000,2,Closed,GuestOf,guestofapp.com
179,1-10,2017-01-01 00:00:00,Mexico City,Art,"
Galería en línea de artistas emergentes y precios accesibles 
",$10000,2,Seed,"Estudio Actual, Arte para Todos",estudioactual.com
180,-,2012-05-01 00:00:00,Prague,Restaurants,"
Interactive menu for the iPad
",$15000,2,Seed,Spectu,spectu.com
181,1-10,2013-01-01 00:00:00,Montreal,Human Resources,"
Employee Performance Management through tiny feedback
",$10000,2,Seed,Dotted Block,dottedblock.com
182,-,2012-09-01 00:00:00,San Antonio,Social Media Platforms,"
What if SalesGenie paid you?
",$11000,2,Seed,1010 MagApp,golivemagazine.com
183,-,2012-12-01 00:00:00,Toronto,Transportation,"
Finally - a mover you can trust
",$15000,2,Seed,Firemen Movers,firemenmovers.com
184,1-10,2013-01-01 00:00:00,Cairo Governorate,Private Social Networking,"
Etsy for the Middle East
",$12000,2,Seed,CIRQY,cirqy.com
185,1-10,2013-06-01 00:00:00,Bengaluru,Sharing Economy,"
On-demand local travel experiences
",$10000,2,Seed,Padhaaro,padhaaro.com
186,1-10,2014-01-01 00:00:00,Atlanta,Fashion,"
Shoes with a touch of purple making everyone feel like royalty
",$10000,2,Seed,Indigoz (purple bottoms),Indigozpurplebottoms.net
187,1-10,2014-04-01 00:00:00,Malmö,Location Based Services,"
Makers of TakeOver - The World - the location aware, crypto-currency MMORPG
",$15000,2,Seed,NuGames Studios Sweden AB,takeover.to
188,-,2014-08-01 00:00:00,United States,Online Shopping,"
",$15000,2,-,Haversack,-
189,-,2014-08-01 00:00:00,Memphis,Technology,"
",$15000,2,-,CloudAptitude,cloudaptitude.com
190,-,2014-08-01 00:00:00,Memphis,Software,"
",$15000,2,-,Safety Hound,safetyhound.com
191,1-10,2015-04-01 00:00:00,Dublin,Mobile Payments,"
Bundly is a proprietary, cross-platform, free contact management platform for smartphones.
",€15000,2,Closed,Bundly,bundly.io
192,1-10,2016-03-01 00:00:00,Tallinn,Mobile Games,"
Great professionals and brilliant teams united to disrupt the F2P market.
",$12500,2,Seed,Appevo Studios,appevostudio.com
193,1-10,2015-02-01 00:00:00,London,Neuroscience,"
personality evaluation platform based on neuroscience
",$15000,2,Seed,recualizer,recualizer.com
194,1-10,2015-03-01 00:00:00,London,Women-Focused,"
Expect more from your wardrobe. No sweatshops, no photoshop.
",£15000,2,Seed,Birdsong,birdsong.london
195,-,2015-04-01 00:00:00,London,Fitness,"
Bet on your weight loss
",£15000,2,Seed,BetWeight,betweight.com
196,1-10,2018-03-01 00:00:00,New York City,-,"
",$15000,2,Seed,App Viper,appviper.com
197,1-10,2015-09-01 00:00:00,Lisbon,Events,"
Marketplace for corporative events
",$15000,2,Seed,WiC,wic.club
198,1-10,2016-03-01 00:00:00,Kingston Parish,Telemedicine,"
Bringing quality healthcare to every doorstep and community.
",$10000,2,Seed,QuikClinik Telehealth Services,quikclinik.com
199,-,2017-01-01 00:00:00,Mexico City,Wine And Spirits,"
We are the house of the best tasting, responsible and handcrafted spirits in the world.
",$10000,2,Seed,Agua Piedra Mezcal &amp; Co.,aguapiedramezcal.com
200,1-10,2011-02-01 00:00:00,San Francisco,iPhone,"
Donkey Kong meets Mad Men
",$10000,2,,KissAppGames,kissappgames.com
201,1-10,2013-04-01 00:00:00,Kumasi,Mobile,"
Using ICTs to communicate audio content to smallholder farmers across West Africa
",$10000,2,Seed,Farmerline,farmerline.org
202,1-10,2012-10-01 00:00:00,Prague,Real Estate,"
",$15000,2,Seed,RealPad CRM,realpad.eu
203,1-10,2013-06-01 00:00:00,New York City,Social Media Platforms,"
Social dream journal for iPhone
",$11300,2,,IceDreamApp,icedreamapp.com
204,1-10,2013-08-01 00:00:00,Sacramento,Brand Marketing,"
100% Solar Powered Community Recording Studio
",$14000,2,Acquired,6C Rock Candy,Website
205,-,2013-10-01 00:00:00,Nairobi,Ticketing,"
Bus Tickets Online
",$15000,2,Seed,BookNow,booknow.co.ke
206,-,2013-11-01 00:00:00,Toronto,B2B,"
Global database of legitimate partnership requests
",$10000,2,,PartnerConnection,partnerconnection.org
207,1-10,2014-01-01 00:00:00,Chicago,Small and Medium Businesses,"
Google Voice for Business Owners
",$10000,2,Seed,Talkroute,talkroute.com
208,1-10,2014-05-01 00:00:00,Tijuana,Latin America,"
Rent collecting web platform
",$10000,2,Seed,NewHaus,newhaus.com.mx
209,1-10,2014-12-01 00:00:00,San Diego,Apps,"
Beautiful Music Education Apps & Practice Tools
",$12785,2,,Music Loft Apps,musicloftapps.com
210,1-10,2015-10-01 00:00:00,La Plata,Mobile Commerce,"
",$10000,2,Seed,Pixivus,pixivus.com
211,1-10,2014-10-01 00:00:00,United States,Raleigh NC,"
Books for Bitcoin
",$10000,2,Seed,Coinamp,coinamp.com
212,1-10,2015-01-01 00:00:00,Toronto,Fitness,"
Modernized Condominium Fitness Services
",$12000,2,Seed,Rise Fitness,risefitness.ca
213,1-10,2014-11-01 00:00:00,Granada,Illustrations,"
“Con Picxe, tienes tu portfolio y tienda online en un único sitio""  
",$15000,2,,picxe,picxe.com
214,1-10,2014-12-01 00:00:00,Gurgaon,Legal Tech,"
Reinventing TripAdvidor for High-Value Products (Acquired)
",$10000,2,Seed,Amicus Shopping Assistant,amicshop.com
215,1-10,2015-01-01 00:00:00,New York City,Mobile Advertising,"
Scavenger hunts for new and exclusive products
",$10000,2,,Hypeist,hypeist.com
216,1-10,2015-04-01 00:00:00,Moscow,Human Resources,"
Smart aggregator of best offers for freelancers, fast, in real time
",$10000,2,Seed,SpyLance,spylance.com
217,1-10,2016-05-01 00:00:00,London,Fin Tech,"
Your Impartial Money Guide
",$15000,2,Seed,Mespo,mespo.co.uk
218,1-10,2016-07-01 00:00:00,Hyderabad,Reviews and Recommendations,"
Extracts meaningful information from millions of customer reviews
",$14925,2,Seed,FeltSo,feltso.com
219,-,2016-10-01 00:00:00,San Francisco,Crowdfunding,"
Charity crowdfunding platform for athletes
",$10000,2,Closed,PlayCause,playcause.com
220,1-10,2011-08-01 00:00:00,San Francisco,Content,"
Social web clipping tool for intellectual people to store and socialize
",$10000,2,Seed,MARRO.WS,marro.ws
221,-,2012-08-01 00:00:00,Columbus,Crowdsourcing,"
Crowdfunding's Search Engine. There's too many sites to navigate. Welcome to Crowd Control
",$14500,2,Seed,Stand Offer,StandOffer.com
222,1-10,2013-04-01 00:00:00,New York City,Rental Housing,"
Streamlining the Rental Process in NYC
",$10000,2,Seed,LeasePass,leasepass.com
223,1-10,2012-09-01 00:00:00,Bethlehem,Government Innovation,"
Transforming How & Where Enterprise Organization Collect, Visualize, & Utilize Field Data.
",$13200,2,-,Map Decisions,MapDecisions.com
224,-,2012-10-01 00:00:00,-,-,"
",$10000,2,-,Intellecap,-
225,1-10,2013-04-01 00:00:00,Philadelphia,Mobile,"
Microsoft Kinect made portable using magnetic waves
",$10000,2,,Touch-Not,touch-not.com
226,1-10,2013-06-01 00:00:00,Davis,Mobile Commerce,"
Gilt Groupe for College Students
",$10000,2,-,Greekdrop,greekdrop.com
227,1-10,2014-08-01 00:00:00,Hong Kong,Location Based Services,"
Travel globally  Visit Locally
",$12800,2,Seed,Hippomap,hippomap.com
228,1-10,2013-10-01 00:00:00,San Francisco,Gadget,"
Wearable Technology Creative Agency
",$10000,2,,GPOP,gpop.us
229,1-10,2013-12-01 00:00:00,Miami,Industrial Automation,"
Engineering Infrastructure High Density, High Throughput Storage
",$15000,2,Seed,"HLSA, LLC  High Level Storage Automation",hlsa.co
230,1-10,2013-11-01 00:00:00,Kolkata,Doctors,"
MEDICAL EQUIPMENTS- BIOMEDICAL SOLUTIONS
",$10000,2,Seed,TRUTH BIOMEDICAL,truthbiomedical.com
231,1-10,2016-01-01 00:00:00,Boston,Consulting,"
making start-ups thrive
",$10000,2,Seed,Healey Engineering,healeyengineering.com
232,1-10,2014-08-01 00:00:00,-,Recruiting,"
YOUR ONE STOP FIRM FOR YOUR DIGITAL TALENT REQUIREMENTS
",$10000,2,Seed,Vuxid,vuxid.com
233,1-10,2015-01-01 00:00:00,Israel,Mobile Advertising,"
Siri meets Google-now
",$10000,2,Seed,ekoTail,ekotail.com
234,1-10,2015-05-01 00:00:00,Washington DC,Rental Housing,"
The DC-only subleasing auction house.
",$10000,2,Seed,Roamer,roamer.io
235,1-10,2015-11-01 00:00:00,Winston-Salem,Nonprofits,"
FinTech platform for giving. Not a merchant. Donor and community centered model.
",$10000,2,Seed,ONE DONATION,passtheplate.org
236,,2016-02-01 00:00:00,Berkeley,Food and Beverages,"
Marketplace for homemade food
",$12000,2,,Munch,eatmunch.com
237,1-10,2016-11-01 00:00:00,Pireas,Internet of Things,"
Nest: Home but for farmers!
",$10000,2,Seed,Agrologies,agrologies.com
238,1-10,2017-03-01 00:00:00,San Francisco,Influencer Marketing,"
Data Driven Influencer Marketing 
",$10000,2,Seed,Blanket Media,blanket.media
239,11-50,2017-04-01 00:00:00,London,Startups,"
SEO and B2B Lead Generation Agency
",$12000,2,Seed,Pearl Lemon,pearllemon.com
240,1-10,2012-11-01 00:00:00,Boston,Social Media Platforms,"
Crowd sourced Media Production
",$15000,2,Seed,Fantome Media,fantomefilms.com
241,1-10,2013-01-01 00:00:00,-,-,"
Tangible Asset Investing (mREIT)
",$10000,2,Seed,The JI Group,
242,1-10,2013-04-01 00:00:00,Washington DC,Mobile Advertising,"
Tangible rewards for academic achievement.
",$12000,2,,My Study Rewards,mystudyrewards.com
243,1-10,2013-06-01 00:00:00,Palo Alto,Social Recruiting,"
Real-time market value of ""YOU"". Zillow or KBB - of people! 
",$10000,2,Seed,UpStep,theupstep.com
244,1-10,2016-11-01 00:00:00,Boulder,Inbound Marketing,"
The Tech Guru's to Grow Your Startup!
",$10000,2,Seed,Nimbus,nimbusinbound.com
245,1-10,2014-01-01 00:00:00,Philadelphia,Social Travel,"
MeetMe for Travel
",$10000,2,,Glide Vacations,glide.cc
246,1-10,2014-10-01 00:00:00,Loveland,Restaurants,"
Your neighborhood Date Planning Superhero
",$15000,2,,DateKnight,dateknight.co
247,,2014-05-01 00:00:00,Zurich,Sports,"
Intuitive hockey-coaching organizer
",$10000,2,Seed,KID (Kostovic Interaction Design),master.design.zhdk.ch
248,,2014-11-01 00:00:00,-,Restaurants,"
Neighbor-Friendly Food Delivery
",$12500,2,Seed,Greedi,EatGreedi.com
249,1-10,2014-12-01 00:00:00,Silver Spring,University Students,"
Service Marketplace for College 
",$10000,2,,BangBangWo,ubangbangwo.com
250,1-10,2015-02-01 00:00:00,Taiwan,Open Source,"
Build better and personal web of things.
",$10000,2,Seed,WoT.City,wotcity.com
251,1-10,2015-03-01 00:00:00,Singapore,Mobile Payments,"
Mobile Payments for Vending
",$10000,2,Seed,VENDi,hellovendi.com
252,1-10,2015-09-01 00:00:00,Seoul,Groceries,"
Fresh Groceries Delivered in 1 Hour
",$10000,2,Seed,Epicerie,epicerie.kr
253,1-10,2015-09-01 00:00:00,Columbus,Online Dating,"
It's Pandora's Adaptive Music Engine, but for Dating (powered by IBM's Watson A.I.)
",$15000,2,Seed,Excited,ExcitedApp.com
254,1-10,2015-10-01 00:00:00,New Jersey,Mobile Advertising,"
Provider of Apps
",$15000,2,Seed,XV Establishments,xvestablishments.com
255,1-10,2016-05-01 00:00:00,Mexico,Shipping,"
An API platform for the ultimate shipping experience in Latin America.
",$14300,2,Seed,Pack&amp;Pack,packandpack.com
256,,2015-12-01 00:00:00,Latvia,Studio,"
We build consumer products
",$10000,2,Seed,Phantlab,phantlab.com
257,11-50,2016-01-01 00:00:00,Indianapolis,Technology,"
Everyday Lending for Everyday People
",$10000,2,Seed,skye Lending Company,theskyeapp.com
258,-,2016-04-01 00:00:00,Asheville,Commercial Solar,"
Solar Software
",$15000,2,Seed,Gen Com,renewfi.com
259,1-10,2016-09-01 00:00:00,Sofia,Electric Vehicles,"
We develop the next generation of scooters and sharing platforms.
",$10000,2,Seed,Narcine,narcine.com
260,-,2011-11-01 00:00:00,Washington DC,Robotics,"
Open source miniature motherboard
",$13100,2,-,Upgrade Industries,upgradeindustries.com
261,-,2012-10-01 00:00:00,Zagreb,Nonprofits,"
Crowdfunding for NGOs
",$12000,2,Seed,Doniralica,doniralica.hr
262,1-10,2012-11-01 00:00:00,Bengaluru,Electronics,"
Board games, toys and electronics
",$10000,2,Seed,Geekybuddha,geekybuddha.com
263,1-10,2013-05-01 00:00:00,New York City,Tutoring,"
On-Demand Homework Assistance
",$10000,2,,Confusing Homework,confusinghomework.com
264,-,2013-01-01 00:00:00,Brighton,Events,"
Better event management and payments
",$14000,2,Seed,Event Alpha,eventalpha.com
265,1-10,2013-08-01 00:00:00,Syracuse,Personal Finance,"
We allow advisors to create dynamic reports that respond to client questions & concerns.
",$10000,2,Seed,MarketVuze,marketvuze.com
266,1-10,2014-05-01 00:00:00,Gent,Customer Support Tools,"
The step-by-step user guide for the Internet
",$11567,2,Seed,WalkHub,walkhub.net
267,1-10,2013-06-01 00:00:00,Querétaro,Politics,"
Internet and social networks analytics for politicians and government social communication
",$15000,2,Seed,NetSenser,
268,1-10,2013-11-01 00:00:00,Geneva,Bitcoin,"
BTC Hosting  / ALT-COIN dev.
",$10300,2,Acquired,BTC Hosting / Accounting / ALT-COIN dev.,forexexcellenceau.ilq.com
269,1-10,2013-12-01 00:00:00,Seattle,Manufacturing,"
3D printing supplies, services, software & hardware for the education sector
",$10000,2,Seed,Savant America,3DforED.com
270,1-10,2014-02-01 00:00:00,Houston,Consumer Electronics,"
Alternative To Cigarettes
",$15000,2,,Imperial Developments,htownvape.net
271,1-10,2014-05-01 00:00:00,Buenos Aires Province,Virtual Reality,"
Virtual reality world
",$11200,2,,Unbound VR,unboundvr.com
272,,2014-05-01 00:00:00,Columbus,Consumer Electronics,"
Electronic Cigarette Retail Chain
",$12500,2,Seed,Crusader Vapor,Website
273,1-10,2014-10-01 00:00:00,London,Retail Technology,"
We're developing a ‘Fashion Recommendation Engine’ for new levels of personalisation
",£10000,2,Seed,Looks Good On Me,looksgoodonme.com
274,,2014-11-01 00:00:00,Egypt,Mobile Games,"
A mobile games company.
",$10000,2,Seed,Spyros Games,spyros-games.com
275,,2015-04-01 00:00:00,New York City,Automotive,"
Car owner's best friend
",$15000,2,,Carmatic,carmatic.co
276,,2016-04-01 00:00:00,Ukraine,Location Based Services,"
Foursquare and WhatsApp merged in one app.
",$10000,2,Seed,Spottle,spottle.me
277,,2015-12-01 00:00:00,San Francisco,Social Recruiting,"
PROVIDING INMATES AND EX-INMATES JOBS TO BETTER THE ECONOMY
",$10000,2,Closed,Street Smartly,streetsmartly.com
278,-,2016-04-01 00:00:00,Tallinn,Energy Efficiency,"
Affordable renewable energy from the ocean
",€10000,2,Seed,Lainergy,f6s.com
279,1-10,2016-07-01 00:00:00,Delhi,Pets,"
A box of high quality dog products delivered to your doorstep monthly.
",$10000,2,Seed,Petdom PaWish,pawish.petdom.in
280,1-10,2013-03-01 00:00:00,Hamilton,Fitness,"
Customizable video-exercise plans 
",$15000,2,Series A,Cinetic Health,getcinetic.com
281,1-10,2013-03-01 00:00:00,Dublin,SaaS,"
Social collaboration software for Enterprise, we make teamwork visible
",$15000,2,Seed,Task Messenger,taskmessenger.com
282,1-10,2013-07-01 00:00:00,Bangladesh,Creative,"
Read and Write in Bangla
",$15000,2,Seed,Color Talking,colortalking.com
283,1-10,2013-07-01 00:00:00,Cebu City,Taxis,"
Fleet Management and Digital Advertising
",$12500,2,Seed,Micab,micab.co
284,1-10,2013-10-01 00:00:00,San Diego,Video Streaming,"
Charity Based Social Network Bringing Users Face-to-Face w/ Favorite Celebrities!!
",$15000,2,Acquired,StarSpot Live,starspotlive.com
285,1-10,2014-03-01 00:00:00,Los Angeles,Art,"
Mainstream Fashion for Autism Advocacy
",$10000,2,,Perel Clothing,PerelClothing.com
286,1-10,2014-05-01 00:00:00,New York City,Social Media Platforms,"
change becomes mobile
",$10000,2,Seed,PettyBank,pettybank.com
287,1-10,2014-07-01 00:00:00,Mexico City,University Students,"
E-learning + Online Employment (Udemy + Monster)
",$10000,2,Seed,Clouddemy,clouddemy.com
288,1-10,2014-08-01 00:00:00,Dhaka,Usa,"
360° premium quality t-shirt service
",$13699,2,Series B,T-ZONE,tzonebd.com
289,,2014-10-01 00:00:00,Richmond,Health And Safety,"
One Patient Record for quicker patient registration.
",$10000,2,Seed,OneRec,onerec.co
290,11-50,2014-12-01 00:00:00,-,Credit,"
Online Loan Marketplace
",$12000,2,Seed,finrek,finrek.com
291,1-10,2015-01-01 00:00:00,Bengaluru,Content Discovery,"
Discover products through videos
",$12000,2,Seed,Pollseye,pollseye.com
292,1-10,2015-05-01 00:00:00,Saint Petersburg,B2B,"
Cloud platform based on a managed container system for deploying and running modern apps.
",$15000,2,,Last.Backend,lastbackend.com
293,1-10,2015-04-01 00:00:00,Huntington Beach,-,"
Basketball Attachment Lights and Speakers
",$10000,2,Seed,Baller Lights,BallerLights.com
294,1-10,2015-06-01 00:00:00,San Francisco,Wine And Spirits,"
Your Vineyard Matchmaker
",$10000,2,Seed,Pick Your Vine,pickyourvine.com
295,1-10,2015-08-01 00:00:00,Tennessee,Entrepreneur,"
Marketing Solutions & Event Services
",$10111,2,Seed,Prima Donna Productions,Website
296,11-50,2015-08-01 00:00:00,Kochi,Gamification,"
Enterprise Gamification Platform for Business Applications
",$15000,2,Seed,Heybadges,heybadges.com
297,1-10,2015-10-01 00:00:00,Turkey,Technical Continuing Education,"
Educating people through Programming Education.
",$10000,2,Seed,getCode,get-code.tk
298,1-10,2016-05-01 00:00:00,London,Stock Exchanges,"
Taking the complexity out of FinEd.
",$10000,2,Seed,FT,ftedx.com
299,1-10,2017-04-01 00:00:00,Kyiv city,Advertising Platforms,"
White-label B2B2C eSports platform to organize, stream and sponsor/advertise with eSports.
",$10000,2,Seed,Esportsfield,esportsfield.com
300,1-10,2013-03-01 00:00:00,Hamilton,Fitness,"
Customizable video-exercise plans 
",$15000,2,Series A,Cinetic Health,getcinetic.com
301,1-10,2013-03-01 00:00:00,Dublin,SaaS,"
Social collaboration software for Enterprise, we make teamwork visible
",$15000,2,Seed,Task Messenger,taskmessenger.com
302,1-10,2013-07-01 00:00:00,Bangladesh,Creative,"
Read and Write in Bangla
",$15000,2,Seed,Color Talking,colortalking.com
303,1-10,2013-07-01 00:00:00,Cebu City,Taxis,"
Fleet Management and Digital Advertising
",$12500,2,Seed,Micab,micab.co
304,1-10,2013-10-01 00:00:00,San Diego,Video Streaming,"
Charity Based Social Network Bringing Users Face-to-Face w/ Favorite Celebrities!!
",$15000,2,Acquired,StarSpot Live,starspotlive.com
305,1-10,2014-03-01 00:00:00,Los Angeles,Art,"
Mainstream Fashion for Autism Advocacy
",$10000,2,,Perel Clothing,PerelClothing.com
306,1-10,2014-05-01 00:00:00,New York City,Social Media Platforms,"
change becomes mobile
",$10000,2,Seed,PettyBank,pettybank.com
307,1-10,2014-07-01 00:00:00,Mexico City,University Students,"
E-learning + Online Employment (Udemy + Monster)
",$10000,2,Seed,Clouddemy,clouddemy.com
308,1-10,2014-08-01 00:00:00,Dhaka,Usa,"
360° premium quality t-shirt service
",$13699,2,Series B,T-ZONE,tzonebd.com
309,,2014-10-01 00:00:00,Richmond,Health And Safety,"
One Patient Record for quicker patient registration.
",$10000,2,Seed,OneRec,onerec.co
310,11-50,2014-12-01 00:00:00,-,Credit,"
Online Loan Marketplace
",$12000,2,Seed,finrek,finrek.com
311,1-10,2015-01-01 00:00:00,Bengaluru,Content Discovery,"
Discover products through videos
",$12000,2,Seed,Pollseye,pollseye.com
312,1-10,2015-05-01 00:00:00,Saint Petersburg,B2B,"
Cloud platform based on a managed container system for deploying and running modern apps.
",$15000,2,,Last.Backend,lastbackend.com
313,1-10,2015-04-01 00:00:00,Huntington Beach,-,"
Basketball Attachment Lights and Speakers
",$10000,2,Seed,Baller Lights,BallerLights.com
314,1-10,2015-06-01 00:00:00,San Francisco,Wine And Spirits,"
Your Vineyard Matchmaker
",$10000,2,Seed,Pick Your Vine,pickyourvine.com
315,1-10,2015-08-01 00:00:00,Tennessee,Entrepreneur,"
Marketing Solutions & Event Services
",$10111,2,Seed,Prima Donna Productions,Website
316,11-50,2015-08-01 00:00:00,Kochi,Gamification,"
Enterprise Gamification Platform for Business Applications
",$15000,2,Seed,Heybadges,heybadges.com
317,1-10,2015-10-01 00:00:00,Turkey,Technical Continuing Education,"
Educating people through Programming Education.
",$10000,2,Seed,getCode,get-code.tk
318,1-10,2016-05-01 00:00:00,London,Stock Exchanges,"
Taking the complexity out of FinEd.
",$10000,2,Seed,FT,ftedx.com
319,1-10,2017-04-01 00:00:00,Kyiv city,Advertising Platforms,"
White-label B2B2C eSports platform to organize, stream and sponsor/advertise with eSports.
",$10000,2,Seed,Esportsfield,esportsfield.com
320,1-10,2012-03-01 00:00:00,Stockton,Social Media Platforms,"
Universal expression platform for the web.
",$15000,2,Seed,Artist.ly,artist.ly
321,-,2012-12-01 00:00:00,West New York,Medical Professionals,"
Preparation for Medical Boards
",$10000,2,Seed,Path Pop,pathpop.com
322,1-10,2013-02-01 00:00:00,Seattle,Business Services,"
Mobile jobcenter for adult industry globally 
",$10000,2,Seed,JobsPretty,jobspretty.com
323,1-10,2013-03-01 00:00:00,Bahawalpur,SaaS,"
Smartphone Healthcare
",$10000,2,Seed,VisioTech Solutions,cloud.visiotechsolutions.com
324,1-10,2013-04-01 00:00:00,Delhi,-,"
Crowd sourcing experience & resources to reward & accelerate human achievement
",$10000,2,,Collisionable,blog.collisionable.com
325,1-10,2013-05-01 00:00:00,Memphis,Farmers Market,"
BetterFed connects customers to local foods.
",$15000,2,Seed,BetterFed,BetterFed.co
326,1-10,2013-09-01 00:00:00,Mexico City,Crowdsourcing,"
First Crowd-partnership platform 
",$13000,2,Seed,PROUNIVE,prounive.com
327,1-10,2013-09-01 00:00:00,Perth,Mining Technologies,"
Providing low cost high resolution 3D Images of structures surrounding drillholes
",$10000,2,Seed,Australian GeoTomography,australiangeotomography.com
328,1-10,2013-10-01 00:00:00,Santiago,Application Platforms,"
Context aware cities
",$11000,2,Seed,Dromos,dromos.me
329,1-10,2014-05-01 00:00:00,Los Angeles,Hospitals,"
Surge plans for hospitals. 
",$15000,2,Seed,NEDOCS,nedocs.org
330,,2014-06-01 00:00:00,Bay Shore,Personal Health,"
Urgent Care Facility
",$10000,2,,Urgent Health/Ward Practice Management,urgenthealthny.com
331,,2014-10-01 00:00:00,-,-,"
Network based learning
",$10000,2,Seed,EurekSpark,eurekaspark.com
332,,2015-02-01 00:00:00,San Francisco,Families,"
All in One Visual Marketing
",$10000,2,,Posterini,posterini.com
333,1-10,2015-02-01 00:00:00,Phoenix,SaaS,"
#SaaS #quality #design #medtech #yesphx
",$15000,2,,igniteQMS,igniteQMS.com
334,1-10,2015-03-01 00:00:00,Richmond,Debt Collecting,"
Revolutionizing  business..THE SOLUTION” for both our clients and customers. 
",$10000,2,Seed,Web Debt Solutions,webdebtsolutions.com
335,1-10,2015-09-01 00:00:00,Santa Cruz,Location Based Services,"
Innovative business analytics for restaurants
",$10000,2,Seed,TableTime,tabletime.io
336,1-10,2016-02-01 00:00:00,Zagreb,Events,"
Entertainment booking platform
",$10000,2,,Booker Garden,booker.garden
337,1-10,2015-11-01 00:00:00,Gainesville,Fishing,"
Location-based social network and utility for anglers
",$10000,2,Seed,FishHawk,fishhawk.io
338,,2017-01-01 00:00:00,Bogotá,Governments,"
Business intelligence platform for the small farmers
",$13000,2,Seed,Cultivando Futuro,cultivandofuturo.com
339,,2017-03-01 00:00:00,Dubai,Global,"
Think ... Done 
",$10000,2,Seed,Hundi,thevisioncap.com
340,1-10,2011-03-01 00:00:00,Silicon Valley,Mobile Commerce,"
Social Commerce. Leader in Social media management systems; Blogging and analytics.
",$10000,2,Acquired,mytweetmark (acquired),mytweetmark.com
341,-,2012-11-01 00:00:00,-,-,"
Advertising With An Advantage!
",$10000,2,Seed,Advantly,advantly.com
342,1-10,2012-12-01 00:00:00,Bengaluru,Small and Medium Businesses,"
Cloud Services for SME
",$10000,2,,Cloud2SME,cloud2sme.com
343,1-10,2013-03-01 00:00:00,Delhi,-,"
Live virtual education
",$12000,2,Seed,Learon Edutech,learonedutech.com
344,1-10,2013-04-01 00:00:00,Sri Lanka,Film,"
Complete Cinema Management, Ticketing and POS
",$10000,2,Seed,TheaterSolution,theatersolution.com
345,-,2013-05-01 00:00:00,Hong Kong,Ticketing,"
Event Search Engine
",$13000,2,Seed,Timable,timable.com
346,1-10,2014-03-01 00:00:00,San Diego,Hospitality,"
The Yelp of Fun Itineraries
",$15000,2,Seed,Tynit.com,tynit.com
347,-,2014-03-01 00:00:00,Zurich,Training,"
Intuitive hockey-coaching organizer
",$10000,2,Acquired,K I D (Kostovic Interaction Design),people.zhdk.ch
348,1-10,2014-06-01 00:00:00,New York City,Small and Medium Businesses,"
CopywriterSource Captivating Copy
",$10000,2,Seed,CopyShoppy,copyshoppy.com
349,1-10,2014-07-01 00:00:00,-,Mobile Commerce,"
Text Message Shopping
",$15000,2,Seed,Dean &amp; Grace,deanandgrace.com
350,1-10,2015-01-01 00:00:00,Budapest,Personal Branding,"
Interactive, light-up branding for your laptop
",$15000,2,Seed,Stickerlight,stickerlight.com
351,1-10,2014-11-01 00:00:00,San Francisco,Big Data Analytics,"
Business Intelligence for Everyone
",$14500,2,,DataStack,datastack.co
352,-,2015-02-01 00:00:00,Los Angeles,College Campuses,"
QBoard allows students to ask teachers questions anonymously in real time
",$10000,2,,QBoard,qboard.net
353,1-10,2015-03-01 00:00:00,Valencia,Mobile Commerce,"
Your Global Airport Shopping App and Delivery Service
",$10000,2,Seed,SimpliFly App,simpliflyapp.com
354,1-10,2015-07-01 00:00:00,Salt Lake City,Personal Finance,"
Next Gen PFM
",$10000,2,Seed,Citizen Camp,Citizen.Camp
355,1-10,2015-08-01 00:00:00,Singapore,Freelancers,"
Manage freelance content teams of any size, from anywhere
",$15000,2,Seed,Headlight App,headlightapp.com
356,-,2015-10-01 00:00:00,Dearborn,Toys,"
Big magnetic construction toy.
",$10000,2,Seed,Panelcraft,mypanelcraft.com
357,11-50,2017-08-01 00:00:00,Hawaii,Tourism,"
We are the worlds fastest growing and best tour operating company 
",$10000,2,Seed,Surf You To The Moon,surfyoutothemoon.com
358,1-10,2016-03-01 00:00:00,São Paulo,Small and Medium Businesses,"
We connect people, financial advisers and companies. Truly improve people financial health
",$15000,2,Seed,Ghaio Fintech,gha.io
359,1-10,2016-09-01 00:00:00,San Francisco Bay Area,Robotics,"
Next-Gen Robotics
",$10000,2,Seed,Golden Bear Robotics,stealthmode.com
360,1-10,2012-01-01 00:00:00,Hamburg,B2B,"
Visual media-rich bookmarking
",$15000,2,-,snipdocs,snipdocs.com
361,-,2012-10-01 00:00:00,West Palm Beach,Networking,"
Crowdnetworking! The Kickstarter campaign site for new startups and creative individuals.
",$10000,2,Seed,FuelByte,fuelbyte.com
362,1-10,2013-01-01 00:00:00,Kirkland,Wine And Spirits,"
Visually track the wine you drink
",$10000,2,Seed,Winetracker.co,winetracker.co
363,1-10,2013-01-01 00:00:00,San Jose,Journalism,"
True independent press.
",$15000,2,Seed,DigNit,dignit.com
364,-,2013-07-01 00:00:00,San Francisco,Healthcare,"
5 Rhythms meets ÐJ meets Yoga 
",$10000,2,Seed,Ecstatic Dance,Www.ecstaticdance.org
365,-,2013-10-01 00:00:00,San Francisco,Renewable Energies,"
Solar Power Farm
",$10000,2,Seed,Cornerstone Realty Capital,terrasolproperty.com www.cornerstonerealtycapi...
366,1-10,2013-11-01 00:00:00,Toronto,Advertising,"
Investment social network
",$10000,2,Seed,Invest Ripple,investripple.com
367,-,2013-12-01 00:00:00,Tbilisi,Enterprise Resource Planning,"
ERP on the WEB, SAAS
",$12000,2,,VOBI,vobi.ge
368,-,2014-01-01 00:00:00,-,E-Commerce,"
",$10000,2,Seed,Four Star Brand,-
369,1-10,2014-07-01 00:00:00,Pittsfield,Restaurants,"
Gluten Free Products Superior to Any Currently Commercially Available 
",$10000,2,Seed,The Gluten Free Gourmet,gfgcafe.com
370,1-10,2015-04-01 00:00:00,Los Angeles,-,"
Multicultural Emoticons
",$10000,2,Seed,WeMojis,wemojis.com
371,1-10,2014-10-01 00:00:00,San Francisco,Online Dating,"
2on2 Location Based Social Discovery
",$10000,2,,Wingder,wingder.com
372,1-10,2015-01-01 00:00:00,New York City,SaaS,"
It's like Google search for Music Creators. 
",$15000,2,Seed,Trakstream,trakstream.com
373,1-10,2015-06-01 00:00:00,Ewa Beach,Online Golf,"
The Power of healing at your fingertips
",$10000,2,Seed,Alkaline Golf,alkalinegolf.com
374,1-10,2015-06-01 00:00:00,Wildomar,iPhone,"
Revolutionary Music Connection App
",$10000,2,Seed,MelodyEarth,itunes.apple.com
375,1-10,2015-07-01 00:00:00,Palo Alto,Virtual Reality,"
Netflix for Virtual Reality
",$10000,2,Seed,PlayVR,playvr.co
376,1-10,2015-07-01 00:00:00,Singapore,Recipes,"
Dynamic pre-portioned mealkit start-up
",$15000,2,,Fivegg,fivegg.com
377,1-10,2015-12-01 00:00:00,Dallas,Local Advertising,"
Nextdoor for Cities | Follow your Interest, not the user.
",$15000,2,,Blabster,blabster.com
378,1-10,2016-01-01 00:00:00,Pune,E-Commerce Platforms,"
The Easiest Way To Find A Play School !
",$15000,2,Seed,Baby-Huts,babyhuts.com
379,1-10,2017-06-01 00:00:00,Irvine,Productivity Software,"
Team Collaboration, done effortlessly. 
",$10000,2,,Seam,seam.fun
380,1-10,2013-06-01 00:00:00,Columbus,High School Students,"
Disruptive Academic College Prep Portal
",$10000,2,Seed,College Ease,collegeease.net
381,1-10,2013-07-01 00:00:00,London,SaaS,"
Mobile Applications Development
",$10000,2,Seed,Lambda Technologies,techlambda.com
382,1-10,2013-09-01 00:00:00,Portland,Advertising Platforms,"
Better than Hulu. Cheaper than Netflix.
",$10000,2,Seed,Orion Productions,starshiporion.net
383,1-10,2013-09-01 00:00:00,Pittsburgh,Financial Services,"
Betterment for Cryptocash
",$12623,2,Seed,Pleso Capital Group,plesocapital.com
384,1-10,2013-11-01 00:00:00,London,Loyalty Programs,"
Vouchers, Deals and Loyalty Prize games for shoppers
",$10000,2,,LoyalJunkie Mobile Loyalty Plateform,loyaljunkie.com
385,-,2014-03-01 00:00:00,San Diego,Marijuana,"
First THC Infused Vape Liquid on the Market 
",$15000,2,Seed,eBUDz,royalrootscollective.com
386,-,2014-05-01 00:00:00,San Diego,Enterprise Security,"
Roommates, personality profiling, background check
",$10000,2,Seed,Roommatefax,Roommatefax.com
387,51-200,2017-03-01 00:00:00,New York,-,"
Full Service Advertising & Content Creation 
",$10000,2,Seed,FIFTEEN,agency15.com
388,1-10,2014-10-01 00:00:00,Banja Luka,Digital Entertainment,"
Singing Assistant AI
",$10000,2,Seed,Qorio,qorio.com
389,1-10,2014-10-01 00:00:00,San Francisco,-,"
Free movies and TV for everyone. 
",$15000,2,,Fenix,fenix.me
390,1-10,2014-11-01 00:00:00,Dublin,Fitness,"
Blackmail yourself and your friends into getting Fit
",$14000,2,Seed,ForFit,fitjustgotreal.com
391,1-10,2015-03-01 00:00:00,Ottawa,Postal and Courier Services,"
Smarter, cheaper way to ship anything
",$15000,2,Seed,Flyta,goflyta.com
392,1-10,2015-01-01 00:00:00,Houston,Fitness,"
grass fed bars + farmers market
",$10869,2,Seed,MariGold Foods,marigoldbars.com
393,1-10,2015-03-01 00:00:00,Hyderabad,Location Based Services,"
Transportation Network Company
",$10000,2,Seed,www.zipick.com,zipick.com
394,,2015-03-01 00:00:00,New York City,Lingerie,"
BEX = THE intimates brand for the unapologetically sexy New Feminist 
",$10000,2,Seed,BEXnyc,bexnyc.com
395,,2015-09-01 00:00:00,Washington DC,SaaS,"
User Driven Soccer Community
",$15000,2,,Freestyle King,instagram.com
396,1-10,2015-10-01 00:00:00,San Diego,Small and Medium Businesses,"
CustomPriceIt is equipped with US Patented Unique Online Shopping Platform
",$10000,2,Closed,CustomPriceIt,CustomPriceIt.Com
397,11-50,2016-02-01 00:00:00,Vancouver,Enterprise Security,"
Enterprise mobile development and mobile security
",$15000,2,Seed,Fortify Enterprise,fortify.pro
398,-,2016-01-01 00:00:00,Jordan JO,Retail Technology,"
Silver & Fashion Accessories E-commerce Website
",$10000,2,Seed,Xswaar,xswaar.me
399,1-10,2016-06-01 00:00:00,Medellín,Crowdsourcing,"
Quora for business challenges
",$15000,2,Seed,OpenDistillery,opendistillery.co
400,1-10,2013-06-01 00:00:00,Budapest,Social Travel,"
Making Europe's wilderness sexy again!
",$15000,2,Seed,Travel2Wild,travel2wild.com
401,1-10,2013-11-01 00:00:00,New York City,Application Platforms,"
Style Social Network
",$10000,2,Seed,FLYCATCHA,flycatcha.com
402,1-10,2014-01-01 00:00:00,Grenoble,Photo Sharing,"
Send a real postcard from your smartphone
",$15000,2,Seed,OOPOST,oopost.com
403,1-10,2014-05-01 00:00:00,Mumbai,English Speaking World,"
Free social encyclopedia for world
",$13876,2,Seed,Alchetron.com,alchetron.com
404,,2014-07-01 00:00:00,Colorado Springs,Social Media Platforms,"
Better social media interaction
",$10000,2,Seed,Nexus Labs LLC - pi.co.ro,pi.co.ro
405,,2014-10-01 00:00:00,Hermosillo,Startups,"
We link entrepreneurs with designers to find the right logo for startups
",$11500,2,Seed,Logovers,logoveres.com
406,1-10,2014-10-01 00:00:00,Moscow,Wind,"
Green Technology Development and Distribution
",$15000,2,Seed,Human Energy Alliance Laboratories,healenergytech.com
407,1-10,2015-03-01 00:00:00,New England,Video Streaming,"
Media sharing app with a twist (Snapchat/YouTube/Facebook)
",$15000,2,Seed,koodoit.com,koodoit.com
408,,2015-03-01 00:00:00,Milan,E-Commerce Platforms,"
Pre-order your meal at restaurants
",€10000,2,Seed,Praesto,praestoapp.com
409,5000+,2015-03-01 00:00:00,Salerno,Mobile Commerce,"
The business world - Il mondo degli affari
",$10000,2,Seed,Affareinweb.it,affareinweb.it
410,1-10,2015-08-01 00:00:00,Brisbane,Crowdsourcing,"
Crowdsourced Shopping Marketplace
",$15000,2,Seed,Seeker Central,seekercentral.com
411,-,2015-08-01 00:00:00,Maldives,Travel & Tourism,"
Travel redefined with exclusive access to over 115+ Hotels & Resorts in Maldives.
",$10000,2,Seed,iTravelMaldives.com,itravelmaldives.com
412,-,2015-09-01 00:00:00,Bengaluru,Mobile Commerce,"
M4D is sharing the revenue’s with customers who install & Does Shopping
",$10000,2,Seed,Mobile 4 Dollars (M4D),mobile4dollars.com
413,11-50,2016-01-01 00:00:00,Amaravathi,Mobile Commerce,"
FMIM is an Digital Media Company which provide Online Solutions to Companies
",$15000,2,Seed,Friendsmoo Info Media,fmim.in
414,,2016-01-01 00:00:00,Hyderabad,Small and Medium Businesses,"
Run meetings that produce results!
",$10000,2,Seed,Zero Meetings,zeromeetings.io
415,1-10,2016-03-01 00:00:00,Seattle,Online Dating,"
Online Speed Dating
",$12000,2,Seed,Viamour,viamour.com
416,-,2017-09-01 00:00:00,-,-,"
",$10000,2,Seed,Dapp,-
417,,2016-09-01 00:00:00,Adelaide,Education,"
Sensor Based STEM Learning
",$12500,2,Seed,Sensibility,phonelabs.net
418,-,2017-01-01 00:00:00,Delaware,User Experience Design,"
Fully Customized E-Commerce System
",$15000,2,Seed,Graphic Hex,graphichex.com
419,1-10,2017-01-01 00:00:00,Indianapolis,Crowdfunding,"
Newest innovation in crowdfunding
",$15000,2,,Folio Cube (Fundfolio Crowdfunding),launchafolio.com
420,1-10,2012-01-01 00:00:00,Chicago,Loyalty Programs,"
Create Loyal Customers, Increase Sales
",$10000,2,Seed,Joint Loyalty,jointloyalty.com
421,-,2012-11-01 00:00:00,-,-,"
",$10000,2,Seed,Peiris Clothing,-
422,1-10,2013-03-01 00:00:00,Miami,Gift Exchange,"
Social Media meets WishLists
",$10000,2,Seed,WishGyft,in progress
423,1-10,2013-08-01 00:00:00,Toronto,Hospitality,"
Peer-to-peer service platform
",$10000,2,Seed,LocalPal,
424,1-10,2014-04-01 00:00:00,Greece,Hotels,"
The booking platform for travelers and travel professionals.
",$10000,2,,Klinns,klinns.com
425,1-10,2014-04-01 00:00:00,Saint Petersburg,Mobile Games,"
We make mobile logic games for players who love riddles & brain teasers.
",$15000,2,,Planemo Studio,planemostd.com
426,1-10,2015-12-01 00:00:00,Thunder Bay,Retail Technology,"
Omnichannel eCommerce for Branded Manufacturers
",$15000,2,Seed,ShipEarly,shipearly.com
427,1-10,2014-06-01 00:00:00,Pleasanton,Mobile Games,"
Next-Gen Independent Console & Mobile Gaming
",$12531,2,Seed,Salsa Bear Studios,salsabearstudios.com
428,,2014-06-01 00:00:00,Boston,Social News,"
The TechCrunch in Spanish, Latin American and Europe
",$10000,2,Seed,TechPepper,techpepper.org
429,1-10,2015-03-01 00:00:00,Chicago,Medical Devices,"
Reinventing residential wheelchair accessibility
",$10000,2,Seed,EscaWheel,escawheel.com
430,,2014-09-01 00:00:00,San Francisco,E-Commerce,"
ALL CROWDFUNDED, PERMANENTLY
",$15000,2,Seed,crowdid,crowdid.co
431,1-10,2014-10-01 00:00:00,Las Vegas,Business Services,"
Book & Manage Home Services in a Click
",$10000,2,,Provingo,provingo.com
432,-,2014-10-01 00:00:00,Austin,Mobile Commerce,"
Specialized Sports Retail
",$15000,2,Seed,The Austin Trail Running Company,austintrailrunning.com
433,11-50,2015-06-01 00:00:00,Vietnam,Social Recruiting,"
The Hiring Solution for Your Growing Business
",$13000,2,Seed,Jobwise,jobwise.com
434,1-10,2015-09-01 00:00:00,Mumbai,Customer Experience,"
WiFi Based Customer Engagement with Analytics and Intelligence
",$10000,2,Seed,Wingage WiFi,wingage.net
435,1-10,2015-10-01 00:00:00,London,Price Comparison,"
A Customer Union for the 21st Century
",$10000,2,Seed,Customer Power,customer-power.com
436,1-10,2015-11-01 00:00:00,Bengaluru,Elder Care,"
WEARABLE FOR SAFETY, RESCUE, SURVEILLANCE OF PEOPLE
",$11936,2,Seed,EASYM2M TECHNOLOGIES PRIVATE,HTTP:
437,1-10,2016-01-01 00:00:00,Sacramento,Wind,"
Highly Modular, Cost-Effective, No Permanent Magnets
",$15000,2,Seed,NoMag Motors,nomagmotors.com
438,11-50,2016-02-01 00:00:00,Mumbai,Video Streaming,"
Technology for Billions!
",$10000,2,Seed,Billion Plus Computing,retv.in
439,1-10,2017-04-01 00:00:00,Philadelphia,Mobile Advertising,"
Small Business Push Marketing Platform
",$15000,2,Seed,Blinc Mobile,blincmobile.co
